Description,Mental State
What did you get?  My day is alright.. haven`t done anything yet. leaving soon to my stepsister though!,neutral
I checked.  We didn`t win,neutral
you`re on twitter! Did the tavern bore you that much?,neutral
"I`m going into a spiritual stagnentation, its exploding my ego!. I now realise, i`m not all that great. and I`m ok with that.",neutral
"hey peoples, dont you just hate being grounded, i just sat eating an apple and watching death note (some anime)",neutral
"There is a faux gothy chick looking at me, sorry I am not going to camden and I like pop-punk and jimmy eat world",neutral
did he ask for your Twitter ID?,neutral
So I really need to put the laptop down & start getting ready for  shindig...But I`ve missed my TwitterLoves all day,neutral
I always forget SOMETHING when I travel. I am at New york airport.,neutral
Should have left car and walked home! I might need someone to rescue me with petrol! Light flashing,neutral
i`m only updating this so that brett`s phone beeps  but really.. looking at wedding stuff. again.for the next five months.,neutral
i miss my old phone it worked so good until i dropped it  i want a new one for my birthday...,neutral
I am watching acoustic performances! & In the mood for a good 'FRIENDS' episode! ,neutral
I`ll oscillate from one to the other.,neutral
you should totally come get me and bring me to kelslaws house with you.,neutral
almost got a kitty yesterday...but it didn`t work out,neutral
"reality needs to check in. schools over. time to party, not tonight tho, im going to bed. night, night.",neutral
i still dont know what we would do though,neutral
Change of plans. I am staying in Brandon.  No Papaya Salad for me.,neutral
at starbucks with my love. eff school. i have work later too.,neutral
Why do I have to enter my registration details every time I update?,neutral
TGIF is right...I think I broke my toe last night - on my bad foot.,neutral
" it`s soon then, do you have plans? I had a party on saturday ",neutral
im a lady and ladies don`t move couches. they direct where the couches go,neutral
Guess what? mom adopted a kitty today (11 months) His name is Corky,neutral
man i got 2 1 /2 hrs an iont how i woulda made it wit out my ramen noodles and t.v. Time,neutral
I can`t call Mitch!  Im from sweden!,neutral
I was so excited to eat the wartermelon i bought the other day and it was terrible and not sweet,neutral
Take antibacterial to school to clean your hands when you cant go the loose,neutral
I`m leaving work now. Trying to decide if I return on Sunday afternoon or Monday 4 am to meet a noon (UK time) deadline.,neutral
"oooh, sunshine! A patch of sunshine! And it will be gone by the time I leave work and replaced with rain.  /vent",neutral
skype call with billie but my webcam dont work,neutral
" since I got twitter a little while ago, it seems like loads of people setting up an account",neutral
learning that the scenic way  din plan to go town but somehow was herded there?,neutral
" i don`t want to do anything specific, i just want to see you and puppy!",neutral
Toy Story 3 trailer premiered with Up. I need my computer back.,neutral
 they didn`t reply yet.. wait till they confirm.. in case somebody might have translated it already..,neutral
might have to go back much earlier than expected. bye bye bay area,neutral
Big Sad Face   Bing doesn`t work on iPhone.  It just takes you to the regular mobile Live search.,neutral
man im so sad school is ending  but then again high school might be better.,neutral
oh my god!!! i cried so much!!! watch this guys from BGT.,neutral
My near daily exercise is starting to show results.,neutral
ABout to make one of my final meals wit the housemates..,neutral
you get to go home and i have to go to work,neutral
TweetDeck is acting really strange! Hum........ reinstall maybe. Update on the horizon? Or is it just another Adobe memory leak,neutral
 finally some sleep in silence,neutral
im just up and its 12:43.  im so lazy thank god its a bank holiday,neutral
YES! Im down to 50% full on my driver. i was at 98% like 3 days ago...  I swear if I didnt have a driver. I would never watch tv,neutral
what are you? flavor of the day?,neutral
weathers let me down this morning..,neutral
bundy. in 3 days.!!!! warm weather here i come!,neutral
a Dutch marketing agency is asking job applicants to apply in 140 positions.,neutral
"If we don`t pack, she can`t leave, right?",neutral
Maybe my second email will clear it up and get him approved.,neutral
" Missed all your tweets again Joe, that time difference!!! (UK) Dont forget about your fave supporters in the UK!!!",neutral
that came to my mind. So I said it. And it has now been adapted into my family`s vocabulary,neutral
Meeting my best friend first thing in the morning to the gym! Omg I am still so shocked. I hope you will get better soon,neutral
Yup theory is GREAT but the reality is beyond imagination...  I also made the same planning not knowing VS will FAIL on me,neutral
"I don`t like Monday, i wish it were sunday, cause that`s my fun day.'  that was my freaking jam when i was little.   i miss it.",neutral
"Waiting for the last movie to finish then am test screening Ghost of Girlfriends Past, glass of wine and lolly bag in hand, yay!",neutral
Must head back to the office,neutral
" are you getting my messages or do you have to add me to recieve them, cause I`m new to this",neutral
Back from town and my Mac crashed on me  but it`s better now,neutral
He is the truth! But what about Maxwell? You can`t forget the future father of my children!,neutral
"Glad I`m not the only one. He`s our baby, and I`m terrified he`ll think we`re never coming back.",neutral
Again working on the internet shop ... don`t think we will achieve the goal of uploading by the previously set time   Will keep going,neutral
what causes the frustration buddy?,neutral
Thanks...I really do appreciate that. I know it will be the hardest thing I have ever done,neutral
" Hi Simon, let me know when it`s done",neutral
"Why do you think people say, 'save the drama fo yo mama?' I`m sure even yo mama wouldn`t wanna listen to ur drama. Ode to mother`s day!",neutral
bought three books!! yipee!!  now who`s with me on that read-ten-books-during-the-summer thing?,neutral
Now I need to change my monitor,neutral
" I know dude, i`m doing re-runs, making Jenny watch them now too so we can have conversations LOL.  Haven`t been online much",neutral
WHAT ABOUT ME ??  I VOTE EVERY DAY FOR YOU !!!!!,neutral
"just rocked home from maccas, and now signing a petition for big bang to tour aus  LOL",neutral
yay doctors  now interview then back 2 the doctor`s for blood work,neutral
Hi Jordan i`m gonna all of u...I know ur busy and i know ur probably tired. but please reschedule NC. don`t leave us out.,neutral
I`d love to but I think the trek from London would be a bit too much,neutral
ok. lol. i miss you too. i hope your cramps get better. i know how painful they can be.,neutral
starting the video editing of the first spanking movie we did with Mina ... it will be added to the next update,neutral
"   In effect, your podcast IS the audio version of your book. (plus, it has the added charm of banter  )",neutral
"Sunny synday morning. Nicole is up later than usual, mommy got some sleep",neutral
Browsing  find everything about university & interior design.,neutral
I have not tweeted for SIXTEEN DAYS! I miss it ( I`ve been having fun though! Ingrid on mon was frakking awesome  BBQ today!,neutral
Gonna go and see my sister at Mount Sinai ....  she`s there for at least another 24 hours.,neutral
it was just the handle tg,neutral
"I just walked into work, all the while thinking that I was sitting in Bellagio this time Wednesday.",neutral
I know  & my hot water bottle is in whangamata without me. ahhhhh,neutral
We do! Its been to long! I think i have next weekend open. When are you going to have the house warming party,neutral
"Change of plans, working inside bar tonight",neutral
Undervote is just going on  I`m all overalled up,neutral
Looks like its another night at the office lol,neutral
Got about 2 hours sleep.,neutral
i really need to earn money... so that i can watch the PCD concert,neutral
i wanna b maliks from taking the stage,neutral
about to go to leeds shopping,neutral
I have nothing witty to say,neutral
i want to go to singapore but my mother seems not,neutral
so u aren`t going to be in Chicago,neutral
So now we`ll pay more in sales tax...great.  Even worse Mom and Pop businesses have to double what they pay in business licenses.,neutral
Anyone have some advice??? I need it!!,neutral
"so now that I have a whole 20 followers, 5 of them actual people, I don`t know what to write in here anymore",neutral
I thought  was against licensing stores bc it takes away from the experience they want to provide,neutral
" Well I will be making beds, creating noise & cleaning cleaning all day long.  With music & a smile  ",neutral
my monday running so fast!,neutral
you`re surrounded by them! I have no official nieces/nephews yet,neutral
this creepy guy when I was walking the dog  I`ve had my fill of creepers for the day,neutral
I get to drive my dad to the airport so he can fly to Vegas... I wanna go to Vegas...,neutral
Thank you! You should know that I am both happy and sad (all at the same time) to know that. You`ve got 'The Right Stuff',neutral
"_merchant I agree, but teenage daughter will be spending my money on the movie of their concert this week.",neutral
Someone out there will soon  be the lucky recipient of my 5000th Tweet. Oh wait. THIS was it!,neutral
one of our governors is one of the directors of the company,neutral
"this aztec mask is harder then i thought! but u know what, i think i did a pretty good job for not being an artist",neutral
Going to bed after the CAVS game  Don`t judge me.,neutral
went twitter crazy! last nigh. well thats what happens when u got nothin ta do at 2 o`clock in da morning,neutral
"been busy at work, now must run before traffic is too bad.",neutral
Paid all my bills only to go out to the mailbox to find more of them,neutral
" I could, but that would require today not to be a duvet day. I imagine that my outfit for the Wendyhouse will be photo worthy.",neutral
"found a swing set for sale 2 blocks from home, super cheap. I want it 4 my kids but no one is answering the phone.",neutral
"charlie and the chocolate factory, in the mood for some johnny depp, then bed. Preparing for a 14 1/2 hour wok day tomorrow",neutral
I`m not either. We should have went out. Although I am enjoying listening to RR and my beer,neutral
" nope..not drunk..sometimes I think maybe I should..then maybe Twitter would make sense, ya know!",neutral
You should see our floors before you make that offer.  Let me know if you don`t receive a call soon.,neutral
" i think u have more than enough friends now, including me",neutral
" adly no, I`ll be going to the killumbus show. I really want to but no one wants to drive me there",neutral
" Morning Lou, I Have some housework to do then im off to Church",neutral
Just got in a fight and kicked out of the bar. At least I knocked him out. Have a fat lip though. ,neutral
"Early bird gets the worm.  And in my case, birder gets to witness the carnage.",neutral
"You`re never alone Just when you think no one cares, you realize that there` always one person you cares for you",neutral
every day of my life lately. i feel ya girl,neutral
Is trying to recover from a broken heart....yet again for the 2nd or 3rd time,neutral
Ha! Did she find out? The only thing Google came up with was some database acronym and 'dibbs' on the front seat aka shotgun,neutral
 yes france/belgium was good  carnt belive how much traffic we hit on the way back,neutral
you didnt send me the text,neutral
Me and mum are lost in grangemouth. Utter hilarity! Totally lost,neutral
I need a bear hug  and Im going to camp today!!,neutral
learning how to use twitter,neutral
He will be here in less than hour,neutral
nothing any man does is right on mothers day except for taking kids off mum`s hands for whole day,neutral
Our raid leader made us run drills to practice switching,neutral
" And Clang rocks, so you`re using it, right?  Anyways, according to the comments it`s in apple`s gcc too, dunno how public tho",neutral
Whole body is sore from moving hundreds of pieces of luggage last weekend.   Guess I should visit the gym more often,neutral
I don`t even look at their fabric unless I need polar fleece.   It`s worth the extra dollars to go to Needle and Thread.,neutral
oh ok i always wondered how that worked. i only have the top of my ear done. i dont think i could get anything else pierced,neutral
i hope that everyone has been having a great week.  let me know if you think im crazy for hating coffee.,neutral
Time to put the weapons on the charger for the night.  Sleep tight,neutral
Using tiffys computer...it feels different from mine... the touch is different.,neutral
I want Crimson Gem Saga.  I will just go play RF Guerilla demo repeatedly. ,neutral
I was awoken by loud banging and it continues all day  Good thing I got an early rest last night!,neutral
love it when my sister brags! but she`s too tired to spell bowling right! ,neutral
RIP to officer Edwards. May GOD continue to bless his family. What`s up wit cops killing cops. Seen the same thing happen on 'The WIRE'.,neutral
"Invasion of the Old Ladies has just ended, still have to clean up not going to be able to make it to the tweetup tonight.",neutral
" yeah, when you start reaching your early-mid-20s",neutral
I`m looking forward too see and hear you in Norway!! ,neutral
actually workin from home tonight... ,neutral
I remember those days. I wasn`t a big fan of Wesley but I really felt for you as a youngster dealing with all that. But you WON!,neutral
Off the a village May Fayre now.  Bag packed ready to bring back home-made goodies.,neutral
 Of course it doesn`t really explain it  I googled it but found no explanation.,neutral
" you shouldnt have to reset more than once  if it doesn`t work right the first time, something is up",neutral
Planing on going on a little ride on the mtb on monday  may be in over to the tower...,neutral
There`s no pause button in the game of life.,neutral
" that`s black market material right there, my friend!",neutral
The Mediteranian Kitchen...oh well can`t get them all right.,neutral
I`m just wondering what is wrong with some people. I either need to go for a run or go to sleep. Tomorrow should be a fun day.,neutral
at famous dave`s with my mom. so hungry.,neutral
sad about young love coming to an end  They were sooo cute together!,neutral
i can`t believe that you guys are gonna stay just one day here in Rio de Janeiro again,neutral
hello you!  you should totally go to the biggest shopping center in Europe and we can go shopping together ,neutral
Fixing openbox theme a little,neutral
Selling my laptop for CHEAP if anyone`s interested!,neutral
looking at the sunshine out of my office window,neutral
We are working hard,neutral
"Just got my paycheck... April bonus can b deposited 2day the rest, gotta wait til Mon.",neutral
I recommend returning your broken duck toy with the batteis it came with or the person who your giving it to may get mad!!  trust me!,neutral
" Not so much a substitute as a variation. Ate too much, ",neutral
Woke up and watched Jon and Kate plus eight. I tried to pretend like they were still a normail family,neutral
i dont even know now lenaaa  when you going clothes show?,neutral
"My anticipated meet up with Tapan Parikh is no more  apparently he wont pass by Nairobi, and will head straight from Mombasa",neutral
Marking going ok so far A`s and B`s so far - relieved it looks like I have future programmers in class,neutral
Did anyone go photographing today? I managed to get a few macro shots of some flowers that were blooming,neutral
I mean someone hit a dog with a car. It was just laying there,neutral
just downloaded the tweet deck....look at my and my saviness,neutral
" yeah, it`s terrible  cockatoos are the hardest to live with, so emotional. good thing he found you, though!!",neutral
You`re the only person to have joined in  penilewords,neutral
Playing with lighters fire matches and grass,neutral
"Bucky, my ferret officially has insulinoma  Now on daily prednisone. Had interview with p-doc today, have to go back monday for testing.",neutral
" He was creepy for me at first, but I did really grow to like him. I cried like a baby when he and Tosh died.",neutral
"Internet, you were so fast! And now you are so slow! Where did the fast connection go?",neutral
" No, that`s not right - I remember now.  You were in a fearless tweet - we were both seen as fearless.",neutral
my thoughts dwell on a certain person,neutral
Transition time is over; tonight I work night shift. I woke up at 1330.,neutral
this my new more private account. Will only use it for close twitter friends,neutral
" actually, the web works fine. tweetdeck seems to be the culprit  sadness! it`s done this at two diff. locations",neutral
tell me what you think of Pride Prejudice and Zombies . . . if you`re not all hyped up on sugar,neutral
" I just about clear my whole office and no sign of it  next place is truck, I have yet to fully clean under back seat lol!",neutral
It`s not gonna storm!  because I said so!,neutral
Is Google Maps not working for anyone else?,neutral
It`s surprising how much Billy Idol turns up in tweets. I monitor constantly - not that I`m obsessed or anything!  ,neutral
"lunch break`s over, going back to work....",neutral
is in PHP website upgrade hell on a Bank Holiday. How`s that for planning!,neutral
i am public and can`t get anyone to follow me,neutral
"I know, right? I guess the oldest doesn`t hold rank on field trips anymore.",neutral
I saw that you were calling but cannot answer as I`m in the second hour of a phone convo with my mom and she won`t stop talking,neutral
Practice was a beast today. Not going to see Julian tonight,neutral
Glenna is bored but glad that it is a beautiful day. Macy went swimming and Kris played golf while I sat at home waiting for them,neutral
We knew what what you meant!,neutral
my new phrase is `you never doubt mo williams`   six game win streak!,neutral
If I got paid by the hour I could retire by now  do you have xBox live? I am thinking Rock Band,neutral
"I should learn not to walk all day, and then sprint through sprinklers without stretching.",neutral
I`m still trying to see Star Trek! I`ll just have to Woman up and go alone. BF is pretty much worthless anyway ,neutral
He`s getting ear tubes in about an hour so no food,neutral
I was trying to back all her documents up but it wasn`t playing along. its taking forever but am back at it again now,neutral
Doing some test shooting later this afternoon.  Did I mention being in Holland for an indie wine festival this week? My tongue is red.,neutral
" so i`ll excuse your love for the Cavs and the west, even though I don`t share it!",neutral
Yay for birthdays  sadly my voice is almost gone :/ but it was a pretty good night!,neutral
I`m part of a religion called People-With-Good-Taste-In-Music. We don`t celebrate Jonas Brothers Day.,neutral
Yes because those taxes disguise the booking fees and commissions that online travel portals charge. ,neutral
" well, i must say she is very lucky to have you! i guess that means no chillin and concert with me huh",neutral
sad that borders did not have guerrilla gardening book but otherwise a most lovely relaxing day,neutral
watching Gilmore Girls reruns!! Don`t know what else to do for the day,neutral
I don`t think I`ve ever tried peanut butter on toast,neutral
I`m sure she`ll be fine. They`re not as daft as they look (sometime),neutral
I just need to go to the bank,neutral
i really wanna go to australia and england.,neutral
"I just slept that entire flight, and woke up to the fact that the girl beside me had been watching Chitty Chitty Bang Bang!",neutral
"just got up, couldn`t sleep anymore i guess and im not really gonna go back to bed, im not really sleepy",neutral
I`ve come to the conclusion that lemongrass chicken tastes like lysol -  so much for lunch!,neutral
" That`s not what  said  I like you, too, though.  is going steady with , though.....",neutral
let me dream about my spock now goodnight,neutral
Just finished watching the last of Star Wars,neutral
I bought two tops and a scarf yesterday...sister has successfully hijacked them this morning to wear to breakfast (after removing tags),neutral
" btw, do you realize your profile pic makes you look much older than you say you are?",neutral
" He`s too old school for burnouts. Just a lap around the track, like they used to.  ",neutral
Hannah slept here last night  just gave her her 5:00 AM bottle and she went right back to sleep but I`m up!,neutral
"Everyone At My Place Tomorrow  Bonfire, Tofu Dogs, And Austin Powers.",neutral
oks  yes infact we had chatted earlier as well,neutral
how do you call that number from the UK ??  I really want to call u but I don`t know how to ,neutral
" Ah, I thought management fiat was your own fiat  Oh well... And... Shripriya (or Shri if one must shorten it).",neutral
"There mite be a article in the trib bout portia, keep an eye out for it.",neutral
"gonna go to bed now, night tweeters  , dont think about me when you sleep",neutral
" I think it`ll be more like a casual attendance instead of a review, as there might not be another issue of felix by then.  Thanks.",neutral
" Your pic didn`t show up for me  Boo!!!! All the other pics on that site show up, but not yours",neutral
Still feel like craaaap and like everyone on earth needs to know this.. Have fun birdies,neutral
some relaxation. so much things on my list... but really not that much,neutral
" I`ve been there.  The only place I have flown out of since moving up north. Really pretty area for flying, but very expensive",neutral
i looked in my phone book and ur name was the first to show and i was like i got ti-ti number but it was just ur email,neutral
OFFICIALLY booked for seattle with  and  it`s going to be THE best birthday weekend EVER!   :you made me sad,neutral
it`s saying that it is the wrong link-it cannot find the address.,neutral
"So tonights TV viewing, BGT or HIGNFY and Reggie Perrin? Wont be tweeting however as  MiniC has hidden iPod",neutral
Oh gosh how I want the party to be over and done with already.,neutral
I have totally not got that job  i can just tell.,neutral
"Darn, I thought you meant White Sox.",neutral
i had walkathon this morning.  and i`m among the first who arrived at the finishing line!,neutral
I`m having lunch already  ur a lil late buddy!,neutral
"NO! Keyboard Cat is/has been dead for YEARS! Play yourself off, Keyboard Cat.",neutral
that was delicious! lets have a walk sometimes with you and your hubby.. and others! me misses you,neutral
"Squabbling with people over the internet is great for my Tumblarity, but bad for my ego when they have more internet friends than me",neutral
"sadly we were too late for TraceyCakes, but we got them elsewhere- not the same but still yummy. Tea w wee on wknd!",neutral
Just thought about my hubby being deployed n now I got the blues  I need a stiff drink but I`m breastfeeding so no booze for me ,neutral
" how about we start with a true Franchise online mode. Dynasty was huge, Madden online league not so much",neutral
on my tea break  cant wait to drive home tonite!!,neutral
Ok i feel like i need to cry now  i can`t believe that in less than 2 years ill be walking across the stage to get a High School diploma!,neutral
"What are some good places to eat in Los Angeles, want to try something different today",neutral
I`m suppose to get up to go find sumthin to wear tomorrow but I can`t get up,neutral
my 3yo just woke and groggily walked over to my office.  Is now sleeping in my lap,neutral
it will be my second year that i will not be there,neutral
I woke up this morning thinking it is Saturday,neutral
" I have both her CDs and know them both by heart. Really, Tal, you think you can intro ME to country music?!",neutral
" Glad you like it  took around 2 and a half hours, would have been less but i kept stopping for food breaks haha  i was",neutral
last class at 10:30. One final tomorrow and 2 finals on friday!,neutral
My head hurts....  Can wait to see the new photoshoot!!,neutral
i had a vivid dream last night! i was crooning away,neutral
" It`s 12AM! ,  and I are still up, sending you as much tweets as we can! Philippines tour please?",neutral
Are they abusing your service? Manual follower management is a pain. I love the style.,neutral
"wishing, i was at the michou show right now.. god. life isnt fair",neutral
hey I didn`t get the email yet,neutral
How was your chicken and chips?,neutral
"It is certainly spring in Vail, Co.  It is raining and snowing!  Doesn`t mother nature know the mountain is closed for the ski season!",neutral
Gonna go and see my sister at Mount Saini ....  she`s there for at least another 24 hours.,neutral
Why is looking for girls names easier than looking for boys,neutral
That`s actually not too far from the truth,neutral
Fml just ran a mile.. And I just got scraped by my yearbook and I got 1/10 on my math test today,neutral
where r all the 5am tweets from  people...oh that`s right...they opened the #houseofrock last night so they`re still in bed,neutral
Working on Canada Shoots information.  Coming your way soon if you have expressed interest and I have your email address .,neutral
So when are you guys coming to Alabama...you were supposed to be there tonight but cancelled...I had great seats,neutral
I wish it would rain...but it won`t,neutral
"Going to i don`t know where with taylor,dolton,jacob, chris and my sister.",neutral
 better half made me brekkie in bed. Weather not 2 gud in Black Country 2day but we won`t let it put the dampers on our planned bbq,neutral
" really... I`m an alumnus, and I don`t know myself! and we didn`t have Macs yet when I was there...",neutral
It rained here too,neutral
no way to comment on site unless you are a member,neutral
Why does Urban Outfitters taunt me with amazing clothing that`s way too expensive.,neutral
Headed back to Baltimore tonight,neutral
" I`ve been well, thx. Just getting up for an early morning meeting and wondering why I agreed to it. Don`t like getting up early",neutral
I just laughed out loud on the bus reading your statement of ethics. People moved away.,neutral
ordered my new shirt,neutral
"i know i told him i didnt want him to stay home with me but i lied, i really did want him to stay home with me",neutral
I must have viewed that picture of me and  from saturday morning about a milling times ,neutral
home form school...its a long weekend  most ppl would be happy but im not...im still mad and sad about him,neutral
life should be exciting today but someone very close to me has mardy bum and its starting to rub off on me!!,neutral
Trying to find someone to go to the mall with.,neutral
Off to work I go,neutral
" good. yeah i am fine thanks. just dreading history tomorrow, not in the mood for hyperactive 20 year olds lmao",neutral
Having a cup of tea,neutral
I`ll have to wait for the YouTube links,neutral
"Going to twitter in english, for my foreign followers",neutral
On way back home after a crazy night on the coast,neutral
"Wow, Hugh Jackman TOTALLY bulked up for Wolverine. So so movie...but helloooo nurse! He`s dreeaamy  Yup, my crushed spirit is on the mend.",neutral
"Wow, my bed is SO comfy & my nap has been much too short. Getting up for work = do not want.",neutral
Early morning walkies really aren`t my thing... at least it`s vaguely warm,neutral
is heading in to London to meet with  and  let us know if you`re about  still not sure what time we`re meeting.....,neutral
" Actually, the post shows they know what happens when you overflow...",neutral
reconnecting with amadeus and friends,neutral
" black is good... tight, or should I say too tight, not so good.",neutral
I guess she`s not the type of songwriter who dreams the great ones.,neutral
I know...  it`s already been two weeks!,neutral
Doing a Rainbow and Unicorn film then?,neutral
i keep reading contracts as cataracts... Someone should bring me panera,neutral
Guess who has internet at her house? And it`s not dial up.,neutral
my hair won`t turn whiiite,neutral
Yeah prbly pickin up songs for SingStar. Haven`t checked the last few store updates. And dunno that Cranberries song.,neutral
Bristol`s is the ish! I LOVE their brunch on Sundays. Ruth Chris is good too but I got sick there once.,neutral
chris came over for exactly one hour  i moped around after he left and ended up falling asleep.,neutral
went to the cd store to search for the cd.,neutral
" my hubby.  promised job promotion so we didn`t move, signed a new lease n they withdrew the promotion...",neutral
LOVE getting gifts in the mail from my very wonderful friends back home!! How I miss Myrtle Beach so much... A little homesick today,neutral
tomorrow is going to be sooo awkward & embarassing. lights & sounds last night was awesome,neutral
" yes, that`s what I meant... I don`t have anything to turn it into Hirigana, though.",neutral
"got a sniffle, got the kids and hubby just left to work in Sydney for the weekend.",neutral
" house probably resembling your kind of heaven no?  maybe Ciaran`s angels have moved in with you, hence inability to locate!",neutral
Downing a glass of ginger ale and then relishing an early evening in bed with 'Because I Said So' on Lifetime.,neutral
Watching fireworks off the Bay bridge.,neutral
" yeah, its still totally in the high 60s here. soooo notlooking forward to aug and sept up here",neutral
Dang  I left my Rolando`s dinner leftovers at home! I knew I should have put them in the shop fridge last night before we left downtown!,neutral
They open at 9 a.m.   And I hope to be there shortly after that.   No guarantees for me though!,neutral
has just got out the shower,neutral
" It is, Pinkwind is a thing from Vanessa`s dad. And My sister made me that SN in the 4th grade",neutral
I cant change my profile picture on Facebook,neutral
"Hmm...Whilst, walking through the city I received an inviataion into an SUV Limo via some prom fellows... Don`t they have dates? Oh boys!",neutral
still need to see that movie ! I am all about vampires,neutral
" I`ll be one of your 'groovy guys' any time, shortie short ",neutral
cannot relaxing because she have to practice for her graduation,neutral
Paper writing til my heart`s content,neutral
Just got to the gym but w/no energy,neutral
same. Was going to try warm milk but I`m lactose intolerant  haha.,neutral
Is my picture showing?,neutral
about to take my mum out for jewellery shopping and a coffee for mothers day,neutral
I wanna feel my chin,neutral
well being a retired drummer I can do my own drum roll so all you need to do is read my posts since they take a ton of time .,neutral
Did you see Star Trek? Now I can`t sleep.........too much action. Can`t wind down!!!,neutral
We`ve got a pool still boxed up because I need to level a suitable patch of ground before we can set it up.,neutral
I have a new found respect for you now that I know you know the Konami code!,neutral
At work at the mo and it`s so sunny here today   Off to see a band tonight!!,neutral
" my name is Jason, but sunshine works too.",neutral
yeah i want to know what that is too!,neutral
hanging out with my babyy,neutral
i am the only arabic girl who`s online  every one is  a sleep ..,neutral
I ate Something I don`t know what it is... Why do I keep Telling things about food,neutral
just wanna be there tonight,neutral
It`s only 10:30 and I am going to BED! Brain can`t focus at all.. Need a fresh new start. I pray that God grants me a fresh tomorrow.,neutral
All my spare time seems `twill be spent doing homework this weekend.,neutral
has a saw thumb from playing Virtua Tennis...,neutral
 Well their not gonna fit her in with this big long advertisement,neutral
"If this rain doesnt go away, I`m staying in bed all week til Mommy gets here",neutral
is done with classes for her freshman year.,neutral
What`s wrong with Dr.Phil? I shamefully loved his show when I was able to watch it.,neutral
Why didn`t my favorite spotters last tweet go to my phone,neutral
"I am tired of my phone. Walkman works like a charm, but l need better video and wap really. Thanks for yesterday and for buying my album",neutral
I have the biggest crush on Pink but she doesn`t know I`m alive,neutral
i shaved all my facial hair off except for my moustache cause i thought it would be cool! But it made me look gross,neutral
We are at alexander. Just had a 3 course dinner and i am wearing someone elses red wine,neutral
At the concert! I hope  makes a guest appearance,neutral
" It`s not sad. To tweet is to twitter, not someone misspronouncing a word kto make it fit a card.  I would have tweeted it.",neutral
Not found: the thing I was looking for,neutral
Hey don`t write yourself off yet. Little girl you`re in the middle of the ride,neutral
Starting the accounts for this year.,neutral
" Yay me!  But, what in particular?",neutral
I have to work  but I`ll just watch it later.. even though it`s not the same.,neutral
yes its the twins  so i wont be watching,neutral
"The day started so wonderful, but now our kids our crying because our kitty is missing  We just got back from posting signs around.",neutral
I love Dawn Chorus noisier the better miss Church Bells too...crazy I know...Was going for a cycle with a friend..not now,neutral
not sure where the real state market is moving  confused either hold or go ahead with the plans?,neutral
i know how annoying that can be!  but theres a german saying`pleasant anticipation is the greatest pleasure`,neutral
My Denny`s shut down in the winter.  I have to do 50 miles to get to one now.,neutral
One of my kits has just brought in a mouse & is eating it in the lobby. I`m sure I feed them enough!,neutral
I think YOUR blog should`ve been on the list,neutral
Pair it up with Fringe on Tuesday? That smells like a win imo as well.,neutral
"getting ready for the day, out then work till close",neutral
yeahh  those two times we`ve stood next to each other were special times...,neutral
not sure why I can`t get tweetdeck to work on my computer. want to know what all of the hype is about,neutral
mega burger was my lunch yesterday,neutral
bored. cold. tired. lethargic feeling. Man! great holiday monday!,neutral
you might also want to include 'never wear a moonwolf' to that,neutral
when i go to the ticketmaster site it says 'no lisa williams events to be found',neutral
My replacement iron ring arrived.  It`s shiny.  And a bit more jagged than the original,neutral
"Beyonce helps me through the day, I`m starting to get sick",neutral
"fine, ill get myself some miso soup down the street",neutral
awesome i just ruined all my white clothes i never remember to separate,neutral
"It`s weird waking up in my own bed. Slightly comforting, but i miss the group. But i`m loving using my own pillow again!",neutral
yeah...I hope it turns out... 20 more minutes!,neutral
I hear you. I can`t think of a layout either. I`ve been trying for i dont know how long.,neutral
 got the Internet on my itouch working,neutral
did you google it too? or maybe you actually knew the answer. ps put uo the pics already from last night  im getting anxiou,neutral
Hows that possible? No rain forecast for Pinkpop? And I have no ticket,neutral
Just found out a friend and his son fell down a 25ft shaft onto concrete today. They are alive at least. Don`t know much else.,neutral
"Sitting here, waiting to go to the gym.....almost left, then realized I never charged my iPod from my trip to Wisconsin....it`s dead",neutral
warmed up nicely outside.  sucks being stuck inside coding,neutral
I did`t see the movie,neutral
" No problem. At least look on the floor. We won`t see the banana skin in our brains ... I step on it once, almost got killed",neutral
I was being childish cos one of them said that pic of Jake in Down to earth made them vomit,neutral
"Stanley, have you still got him, they can live for like 20 years right? ",neutral
Good morning from RSA Twitterverse!! Please send me some happy vibes & cheerfulness today I`m feeling a little sad,neutral
Can I also have a swirly flat white?,neutral
oh poor you  atleast get paid for staying back or?,neutral
I have to go to work.,neutral
the trip was really great. but i cant belive summers here,neutral
having my dinner. eating bangus.  it`s a fish.,neutral
Biology final today. Then home to prepare for psychology.,neutral
Just got home from school. Doing assignments.,neutral
" Oh, I didn`t realize its on at 8:30 as well- already at work- or as today still in the car, don`t ask",neutral
i know im wrong .. just give me one more chance.,neutral
I`ve been here since 3 and i`m here for 8 more hours tomorrow,neutral
" time to start unfollowing some people, i think",neutral
Im just thinking bout life. I need my bed. My fiance is in bed first,neutral
I hate the exams . first time and last time in this school  then i`m out ! after 10 years!,neutral
Schwarzenegger proposes closing 220 state parks ,neutral
I`m a senior. I should of been already.,neutral
sometimes spam leaks in to the message board.,neutral
no cuz i feel the same way....,neutral
"Finally X-Men Origins: Wolverine arrived, Time to play the game like a mad man, And then it`s time for the review",neutral
Chirstina said shes gunna twitter more ...no more partners,neutral
Can`t a Stevie wonder?' gabe just called me sleepypants gaby.,neutral
How did you swing those? We didn`t get that close.,neutral
i just need to sleep,neutral
Lately i`ve been waking up with the sun in my face but not today..,neutral
 the first request for sending a paper copy of my thesis,neutral
wants new hair now! Just so frank won`t talk to me,neutral
"  i was just thinking about how excited i am for you guys to move, but then i realized how sad i am to see you go.",neutral
really am sorry becauseI was looking forward to it.. thought itd be fun  and u wanted to hear it.Iowe u a beer.,neutral
sad that will have to leave my beautiful apartment,neutral
heyy.  how are you?,neutral
On the way back to dublin Omg didnt hit the bed until 5:30  so i am so sleepy   but once again on the road back to good old  dublin.,neutral
when i have to make a decision like that i always choose Black.....,neutral
hey when are you next in the UK?,neutral
Has got to go to work with a slight hangover gd nite thou,neutral
Really bad ones are also classic.,neutral
" I can`t say I`ve tried, but then again, I haven`t tried with a sword either   Not yet, anyway.",neutral
he not getting off early?,neutral
I`m going to estonia!  woohoo!!,neutral
My new site is stuck in the Google sandpit now  Test of my skills until it comes back out!,neutral
I`ve just about made it all the way round the park jogging. Quite pleased for my 6th outing,neutral
Saw the blink show from the tmobile party. I`m speechless,neutral
walked home in the rain.,neutral
" Penguins win in OT, probably why you were busy.  One more game to win.",neutral
Dang I should have stuck with him in my fantasty picks,neutral
" eh, june 15th  are you going to the signing on the 18th, i think it is? ",neutral
What are you designing?,neutral
I wanna do something tonight after work.... But I dunno what...,neutral
fingers crossed for you.,neutral
not quite as much...hmmm products in US that are not in Canada?? Idk  Do you have covergirl?,neutral
girl you know beauty has a price,neutral
It`s officially the start and the end of my summer. Oh summer school,neutral
Ill catch you at the very last second,neutral
Going to bed...going back to Korea tomorrow,neutral
I`m doing an advert 4 the Make-A-Wish foundation & I can`t find photos of kids looking close to death... that`s a good thing for the kids,neutral
Only 5mins till my baby`s back from work,neutral
need some Pizza...can`t get out of office,neutral
"I am having serious cig craving... head for kitchen, let the non smoker weight gain begin",neutral
Up and at`m   getting ready for work,neutral
I`m loving it. Please Don`t Leave Me by Pink!,neutral
"Last day of the TV up-fronts w/ our colleagues from Sydney, Paris, London...",neutral
" I wish I could be there to give you the biggest hug right now. I`m so sorry, I can`t imagine how painful it must be",neutral
Is It The Bit Where Hollie Started Crying?,neutral
I am so disapoointed I couldn`t make it  I will be there next time! Glad it was productivity,neutral
I Just joined Twitter.,neutral
 I love and mis my annie!!,neutral
Oh my ex / room mate is moving out today,neutral
Take me with u erica,neutral
finished listening to Last Days of Krypton`s audio book! Loved it...so sad though...,neutral
"New chic just texted me saying 'Thanks for the e-mail' but didn`t answer to my question, might need to look for newer chic now",neutral
" Good Grief! I can`t say much, I was driving home from Martin through IKE last fall. Be interesting to hear what he says!",neutral
Early Mother`s Day dinner with the  family,neutral
" I don`t feel too bad, but not sure to what I should attribute that. Could be cold & flu meds; nap; alcohol; or getting better...",neutral
"Just hit the 3000 word mark for his Geography Notes, and I`m not even doing it for GCSE? Mean while I`ve done a page of history",neutral
"Heading to the office through a very quiet Stockholm, at least its not sunny",neutral
Im hungry and its cold,neutral
learn two-headed boy by nutreal milk hotel,neutral
"Sitting in an almost empty dorm, waiting for jordan to come to take some last things and say good bye. He graduates tomorrow.",neutral
Signing off for the night. Watching 'The Reader' and I`m sure I`ll snooze off at some point. Good night all,neutral
"Friday Night Magic last night, I lost so bad  I suck at draft",neutral
Remmber time crisis ? Try it on the phone,neutral
"Have been writing since 6pm & I only have 300 words. Can`t help but edit as I write. Stop it, self! Oh, I`ve also been researching too.",neutral
i didnt know u guys have account in fb,neutral
"Yeah, that didn`t last long..",neutral
I sometimes feel like the only person in the world without an iphone,neutral
Just Another Mobile Monday is back online. There`s two days I`ll never get back. ,neutral
"I have a 320GB drive in my MB, with 6GB free... and 1.5TB external storage permanently connected when at home",neutral
WHAT`S UP MY HOMIE???? I MISS YOU LIVE LAST NIGHT  I HOPE YOUR ON TONIGHT. I WILL HIT YOU UP CUTIE,neutral
ya. i was suffering the whole day yesterday. met dentist and feel a bit better. i still look like rocky balboa though,neutral
Picture or it never happened.,neutral
The video is set to private,neutral
I am Back at work,neutral
"Good Morning campers, I`m not a happy bear this morning, had an awful dream during the night, & am v worried.",neutral
Just finished mowing the lawn.,neutral
Nearly ran over a pheasant on the driving lesson  Baws.,neutral
My son would freak for the Falcon,neutral
absolutely!  I have a 'his view' section on my site.. I know you`re busy but you are more than welcome to guest post,neutral
what a beautiful day - shame I`ve got to spend it in an office,neutral
I`ll be at the new movie showing at the franklin on Thursday night.  several of the faculty will be in attendance.,neutral
" Have a cold one for me, I`m just off to work now",neutral
Im off for a bit...tweeet yall later,neutral
most name brands have dairy even if it`s called `semi-sweet` or `dark`.  I`ll try to get some in the HelloVeggies Store!,neutral
shop then work time  see yas later,neutral
Just finished down loading AIM6.9 and guess what! I can get updates from Twitter on it!  Message me at: i am katie art,neutral
 hey! Ive never caught enyone on live before!,neutral
"Okay, so twitter suddenly changed, how do I respond to messages now",neutral
ask them what they have done with their lives. be annoying human beings? tell your mama happy mother`s day!,neutral
i think you should do it with hannah,neutral
Holy moley! It`s raining cats and dogs here! And I just got snazzified by Min at Salon Mint!,neutral
Sun has been making me happy. Shame about work tonight .,neutral
"Yay, watching Supernatural   .. Great way to end a hard day. I miss you Jesse.",neutral
 I just touched a real live Cube in Hamilton. Dealership closed - couldn`t sit in it though,neutral
well.. i dont have to do any resits...,neutral
watching Pineapple Express and is seriously thinking that they used real weed in this movie,neutral
 i`m gonna have to find some chocolates!  i dont think we took any ,neutral
 I`ll meet you in the gym at half four then,neutral
good day in the sun... little bit burnt though... well actualy quite alot  very sore  heh,neutral
I didn`t get a callback for the play I cried...  oh well I guess it`s back to being a techie..,neutral
She Is leaving in the morning to go to her mommys,neutral
He sat alone whilst jay plays on his phone,neutral
my myspace profile is OLLLD NEWSZ i need to editeditedittt,neutral
"Slept in, woke up with an iced coffee, lazed about & went out for a late lunch with the BF. It`s been a sweet little laid-back Saturday.",neutral
Well.... you`re not called comedyqueen for nowt - are you lol,neutral
I missed u. Stop defending urself. Your true fans are with u  U`re the best. And for me u didn`t change. ,neutral
stayed home from school today. doctors will be here sooooon.,neutral
"First surprise birthday ever, best night I`ve had in a long time!",neutral
" I would cry a little. Wait...no I mean, the mechanical army would be -so- pleased to have proper representation.",neutral
Somebody`s mother just came to the club dresses like she`s going straight to church after the club! I feel like I`m going to hell.,neutral
I wish Saturday Night Fever was on again! I couldn`t stay up last night for the whole thing,neutral
just that you`re not here...,neutral
 I`m on my way home now.,neutral
yes I do! I`ll try posting some pics when I can,neutral
 i wanted to say 'perfect time' was my favorite track! it seriously made me tear up!,neutral
hey Jess where is Josh??,neutral
It`s raining  I can`t go out to jogging... I have to do it in my house gym...,neutral
what`s the matter?,neutral
Currently brushing up on the art and science of selecting good domain names (after having 550 domains the year before with poor results),neutral
" Yo, what happened to my invitation?",neutral
 Hopefully I`ll stay ahead doing 1 task a week!,neutral
A short 5:25 hours left to go at work,neutral
I am thinking about reading that too! She is talking about it on the View too! Not that you miss it often,neutral
you`ve got to read it downwards for it to make sense.,neutral
Yesterday and today was my weekend....back to work tomorrow!,neutral
 im on vacation and you got me workin,neutral
It`s such a romantic novel!! I cried in the end  Now I`m going to bed. I`m so tired.,neutral
" it`ll be close, but hopefully they can figure it out  they`ll be eating nothing but those cookies for the week though.",neutral
Time to play the drums again.,neutral
" I agree, however I can`t sell  until I`m a full brick & motar store...  soon though hopefully",neutral
I have a job at camp!! No midnight showing of Harry Potter for me,neutral
My brother is making banana shake. Yesterday he made mango shake. He`s our shake guy.,neutral
The work got me back.100 percent monday feeling,neutral
" If u don`t win u can always roll on my pass lol, I don`t have anyone to take",neutral
Let me guess.... Antiques & Collectibles?  Anywhere else you`d like to be?,neutral
"Finally, a beautiful, sunny day in Atlanta. Too bad I`m stuck inside working...",neutral
my question is on your blog post,neutral
"That`s a special kind of magic, though!  And did you see the special on Discovery? ",neutral
And I missed it? And I`ll miss the report tomorrow  Oh well there`s youtube sunday I guess. ,neutral
i ate too much ice cream and curly fries,neutral
I`m trying to get myself moving this morning!,neutral
valium makes you feel goood. i need more. i can`t fall back asleep. i want my mommy,neutral
after 11 months.... I am back to twitter again,neutral
" Well, I`m glad I`m not the only one! Mine`s so bad I`m having to resort to pulling out the old hairband disguises...",neutral
He didn`t even reply to me about how old you are tomorrow?,neutral
Are you ready to come to oklahoma?,neutral
It`s raining and I`m outside without an umbrella.,neutral
signin autographs would be boring I think! ,neutral
It is possible to frown while eating a Frosty,neutral
"fingers crossed that my neighbor can sign for my UPS package today, otherwise it may be bye-bye pretty skirts",neutral
I didn`t bring my pokemon with me I forgot them at home,neutral
He has to go to sleep but is not sleepy at all!!,neutral
"That didn`t take long.. A fragment of bone did not heal to the major bone, it is now being reabsorbed by my body, may need fix in future",neutral
You're the supporter. its totally up to you,neutral
my girl friend also dropped me home,neutral
Now i will be off to a wedding!,neutral
yes! the pool opened this weekend,neutral
He is all alone for the evening!,neutral
If he is alone he might still be eating and drinking then,neutral
We will be farewelling an employee tonight...,neutral
i skyped u  last night,neutral
I totally just got hit on by one of her bar guests!,neutral
i hate when something bad happens. i hope you figure it out soon!,neutral
I don`t want her to leave..,neutral
"yay playing scattegories and being random with Joel, May & Sherman",neutral
" if you can and know how, why not",neutral
" One of mine is a potential winner I think, could be quite easy to code, but I might sit on it for now",neutral
"I hear it`s a scorcher back home - all we`ve got here are clouds  Back in the studio, maybe if we`re lucky we might get 2 songs done in 2days!",neutral
so technically....i havent really gotten out of bed. so i think you`re right and i`m gonna stay here!,neutral
It`s been years since it`s happened like this.,neutral
"Trying this twitter thing out. Facebook is finally a routine for me, now i need to figure out how to do the twitter thing",neutral
i`ll have to be more creative in choosing my next alias.  Adding the N to the front obviously was not stealthy enought.,neutral
regarding trolls think people downvote them why you have delete them,neutral
second that must not make spectacle and royal ass ourselves collectively let sanity prevail please,neutral
you know who doesn support homeopathy ,neutral
just leaving this here,neutral
another fabricated news making,neutral
finally someone who has the balls stand the islamic monsters,neutral
this the end humanity,neutral
well they can rally and say bahut hui mehangai maar,neutral
but you know hinduism not religion does not try convert anyone and all that bullshit,neutral
let convert hindus hindu muslims back hinduism hindu sun tan dharmism yay,neutral
for this yogiji would need iphone audi and some armani suits got some big fishes list,neutral
god damn there are too many useless jobless people the world,neutral
seems like bjp has decided not defend sher singh,neutral
profile sher singh dhar bjp delhi vice president,neutral
rajnath words harse tradinng,neutral
paid media aap exposed congress team,neutral
now waiting for aap bend its knee make compromise with bjp,neutral
cakeday for the aap fans let celebrate guys,neutral
saw let all this trading auctioning happen public the highest bidders can get the mlas the state can get tax out too get this the advertisement revenue would help boost fortunes,neutral
plenty present future lawyers here one all could possible classmate mine,neutral
environmental engineering master race but there are only,neutral
our school teachers has asked come school before they will show the mom mission tcm projector now this what students should watching instead modi speech,neutral
mods can you sticky this post,neutral
hope they succeed,neutral
guys stop spamming space one two posts enough,neutral
can someone answer why the present tallest status spring temple buddha will cost million,neutral
what chuitiyapa modi mangalyan nahi aur modi sardar patel statue,neutral
modi mayawati his fans will kill,neutral
the overenthusiastic gujarat tourism board will milk thoroughly,neutral
looks like gonna keep his promise,neutral
" like this guy maybe someday can replace
china with india ",neutral
china camps your territory and now you wanna buds,neutral
meanwhile india voted for protection lgbt rights the yesterday,neutral
these are communalized saffronized sanghi fascist muslims,neutral
modi and bohra community doing female genital mutilation,neutral
people seem have forgotten his party was responible for alot anti muslim violence the 90s wait they were muslims they had coming,neutral
let the circle jerking begin you consider the probability people who oppose the incidents irrespective the religion the people involved you willfully neglect these people create victimhood for hinduism india,neutral
have realized one thing there are two camps india and never the twain shall meet the dichotomy just that neither side likes expose themselves environment that causes cognitive dissonance just how just how humans are people like surround themselves with like minded people,neutral
hayana and maharashtra just got modified been months and the modi effect still there,neutral
can you add 2009 results for comparison,neutral
fadnavis watching results from his room mla hostel speaks his simplicity,neutral
what the effect the day results the rajya sabha,neutral
don trust ncp all would still like bjp and shiv sena forming alliance,neutral
why didnt the mods make,neutral
both congress and might get seats maharashtra,neutral
kejriwal padhai kar exam rahe hain,neutral
diwali holidays over back work now,neutral
 how are votes made and deleted,neutral
what the sequence the images and that guy just collecting all the trash one place,neutral
the only people who will buy are the people who only read newspapers,neutral
meanwhile bjp leader sambit patra like photo also essential part any campaign generates awareness,neutral
should arnab show again once this process falls through what were you saying you liar,neutral
just wait till back arnabs show once again will rekt him,neutral
how this possible though aren the fishermen facing court different charges the president can just overrule the court and hand over prisoners another country,neutral
someone should tweet this arnab,neutral
well bombay can kiss the metro goodbye,neutral
well congress offering support aap delhi makes aap team congress this makes bjp the team ncp,neutral
congress government bjp government looks like sharad pawar always winner,neutral
this maha election pawar sahab the only winner,neutral
great post haters will hate anyway,neutral
what think when people discuss china,neutral
has used this analogy before too,neutral
here come the bjp circlejerks downvotes edit the circlejerks are indeed here and they are definitely downvoting,neutral
tagline rindia din mein bhajipao circlejerk shaam mein aap,neutral
looks like asgard and bifrost next for upgrades,neutral
these guys have revisions faster than iphones,neutral
whats the difference between the regular magni and the uber edition,neutral
schiit magni modi combo just arrived,neutral
how would connect iphone source the dac the dac already plugged into the amp,neutral
now the magni uber something can use,neutral
how one would connect pair bookshelves speakers that combo dac amp,neutral
please assist their government any way possible even pakistanis not deserve this,neutral
why this linked modi twitter rather than you know factual account which head state wouldn condemn this attack,neutral
you have any idea the blast that happened manipur,neutral
meanwhile aap state election results are not encouraging for bjp modi wave wane and disillusionment with central govt setting posted this,neutral
paging paranoid android,neutral
paging paranoid android need your expert views here please,neutral
just hope doesn end with pdp inc the government,neutral
make something for the matrimony market linked facebook for verification and you will have winner the current set fuckers are just rip offs asking for money for everything,neutral
people actually start listening her forget about achche din for this country will doomed with population explosion,neutral
that going downvote every religion related thread here,neutral
what they are not printers for god sake,neutral
bachon paalne paisa iska baap dega,neutral
bhai hum payega translation brother not cut out for this job,neutral
next modi will express his unhappiness this statement but modiji will not say his sources will say,neutral
production has increased for debelapmant,neutral
whenever hear something like this think that when the bjp came power all such people dipped their balls molten brass and are now swinging around for all see,neutral
assume that this cunt will also pay for their upbringing,neutral
what ignorant cunt,neutral
are going have baby making wars now,neutral
bhenchod bachche kya tera baap paalega,neutral
haramkhor apne bhi paida hue doosro paida karwana chahta hai chutiya pichwade laat maaro saale,neutral
chutiye bjp wale population control for all the answer,neutral
aapki biwi bhi milwaaye kya 400 khadi kar aap paaliyega,neutral
inviting all trolls contribute indianews wahan mods kuch kaam nahi karte aao zara bawaal machao,neutral
charlie not charles,neutral
oman your name always the silliest places,neutral
did you factor recession 2008,neutral
here how per reddit formatting markdown don forget the 2nd alighment row without which will not render table indicator nda upa upa agriculture industry services,neutral
man looks like you messed,neutral
remember mubarak getting flak for this too during the arab spring,neutral
don pop molly rock narendra damodardas modi,neutral
can you 22k gold you like,neutral
want one with name,neutral
makes you wonder marc jacobs wears marc marc for marc jacobs marc jacobs,neutral
trying brainwash obama,neutral
our president did before his election ross obama jpg,neutral
hosni mubarek may have been ousted but see his tailor still business,neutral
maybe just didn want anyone else wear accident,neutral
want pinstripe suit now with usa printed over and over again,neutral
all politicians should wear pinhead striped suits,neutral
case forgets who but not how read,neutral
post this trashy,neutral
can someone please say what written can seem read,neutral
modi modi modi modi modi modi there limit,neutral
would wear suit with adrien brody name printed thousands time,neutral
cause that how ballers ball,neutral
forget hugo now this boss,neutral
got pattern for him ego ,neutral
was hand stitched and cost well over,neutral
probably just his mom did that didn lose his stuff camp,neutral
these two finally met,neutral
didn make his fortune fashion clothing,neutral
the prime minister india for those wondering,neutral
you know someone steals your clothes,neutral
maybe just claiming that his suit,neutral
dude name modi why not put suit norsk god courage,neutral
was probably just sample from his upcoming clothing line,neutral
just case you forget who you are just look your suit,neutral
his mom put there when went summer camp,neutral
there way that thousands times maybe couple hundred,neutral
you can take gujju out gujarat but you can take gujarat out gujju,neutral
makes easier for the media identify what wearing modi narendra damodardas modi for modi narendra damodardas modi collaboration with narendra damodardas modi for modi narendra damodardas modi,neutral
united states marines have thousand tiny egas symbol for the usmc printed all over their digital camp uniforms,neutral
yes know who you are?,neutral
this could actually help identifying someone body,neutral
has anyone tried changing their time settings,neutral
looks like all did was change the system date has anyone else tried this since someone used this view history xur inventory,neutral
can someone please talk with via japanese and translate every bit info accurately possible,neutral
master chief back and was closet hunter all along,neutral
can anyone translate this translation for,neutral
the image shoes picked there evidence put like shakespeare,neutral
the image shoes picked there evidence put god that sentence made cross eyed,neutral
thats the release date days with destiny are over,neutral
hoping the fallen walker strike stay though,neutral
but why wants life insurance money before death what missing,neutral
now political party not allowed criticize the policies the government then there this,neutral
now said that they will give insurance one lakh which person will get after dies this one the stupidest things has ever said,neutral
rumor that people the betting world are predicting bjp victory,neutral
delhiites know only one way and that rape both congress and bjp are victims this time,neutral
whats the chances happening nearer home,neutral
vote share increased for bjp but not converting into seats stats,neutral
they said the election was going close ,neutral
maybe they could start american branch,neutral
after the results can totally imagine amit shah locking himself room and,neutral
anti corruption party let wait couple months and come back the issue,neutral
looks like bedi lost the chance debate kejriwal she not gonna have pass enter the assembly now,neutral
the big question will the congress open its account,neutral
just heard modi called kejru congratulate wonder what would have said him,neutral
the share market 250 points contrary anti kejriwal juntas predictions,neutral
please tell this auctioning won make the private providers charge arm and leg for the mined coal future,neutral
also not forget about the telecom spectrum auctioning which may bring back telecom broadband boom again india,neutral
zero loss sibal kidhar hai,neutral
food isn necessary increase productivity what need are indoor farms like this one which vastly increase productivity and not require genetic modification this would allow the farmer self sufficient and not depend the gmo companies for seeds,neutral
should have bet contraception instead,neutral
the way the digital database growing you will have build cloud godown,neutral
the question should asking why are left with modi out all the all the indians,neutral
because the indian govt gives damn research,neutral
that guy died getting the required paper work done and bribing number people probably left for and director google,neutral
modi can you ask this question ...,neutral
one the creator youtube bangladeshi rub all over your beard douchebag,neutral
india currently 300 400 years phase being pre enlightened europe and indians being treated like pariahs around the world they can speed going for benevolent dictatorship party ala singapore pap,neutral
congress creates bjp criticises bjp defeats congress bjp supports kills congress criticises bjp does anyone see the jurassic park reference here anyone,neutral
india having collective orgasm congrats everyone,neutral
this post going all telling you guys,neutral
see comments lots fucks were given celebrate,neutral
forgot for moment about what quidditch and was like wut,neutral
hope the movie udta punjab will bring awareness amongst youth,neutral
see them putting ham the server they must american,neutral
somehow feel like players will feel this improvement their servers,neutral
think this was scripted,neutral
the face after krepo went out the server room,neutral
where were you when was kill,neutral
they made possible for all ham,neutral
why didn they hack nemesis urf,neutral
god that must have been the longest lasting aprils joke ever sjokz actually british,neutral
ohh well that why euw always,neutral
number stadiums china lakhs number stadiums india 6000,neutral
plot twist ping p0n ping pon holy this subreddit has some history trust one reddit one,neutral
visited the town kerala where this temple located there was guard front you can why not only hindus are allowed how you know not hindu meaning white people aren allowed because white people aren hindus,neutral
why are people fixating this isn the vatican bank one the most corrupt organizations the planet,neutral
sounds like india needs some freedom,neutral
perhaps they give some the money the hundreds millions living poverty,neutral
they must americans,neutral
saved this wank bank for tonight,neutral
canada approve arrival visa for indian tourists have doubts this,neutral
canada approve arrival visa for indian tourists they didn,neutral
you should tell who posted this facebook senior policy maker well known just his name you disclose,neutral
hey don fool the people like our canadians don get visa arrival they get visa india doesn offer visa arrival for any country they only offer visa which takes days prior arrival online check your facts before posting dude,neutral
wasn the same guy who tabled the anti homosexual bill even though from bjp,neutral
bjp says parliament tobacco does not cause cancer because shyam bidi owner did the party say this that bidi person say just speaking his business spokesperson minister something edit think the bjp nda govt should look this afresh thankfully seem they are doing something about people employed that industry not reason not act tobacco given its impact health,neutral
prakash singh badal getting padma vibhushan the second highest civilian honour the country lost faith modi government after that,neutral
bjp just another name for congress when vajpayee was helm there was difference but now its all same,neutral
forget the legalities for second and meanwhile the delhi also ruled kejri favor about acb see,neutral
did anyone hear the shouts modi modi nation need pull out heads out our asses man and not god,neutral
til you can ask minister what made choose them minister,neutral
people want you forget but this person referred sunanda thakur crore girlfriend,neutral
was living bangladesh think twice before saying anything all people have fetish hackle you death,neutral
forgets politically correct sometimes,neutral
must have stopped pull some kids ear may,neutral
this post anti national and anti hindu,neutral
the android developer who wrote this gonna get his ass kicked,neutral
why did someone yell statue,neutral
imagine what would have happened the app was titled manmohan singh mute forever mode guess,neutral
when did start,neutral
human losing faith the idea islam,neutral
nota dabana agli baar doing that civic polls,neutral
been waiting for this day,neutral
when get voter card dont think will vote for any politician,neutral
what the point will get more fake followers through his team,neutral
this going affect him why not write letter him,neutral
want give communism try,neutral
modi cant anything vyapam the same way manmohan didnt anything about vyapam from 2004 federalism,neutral
knew this day will come,neutral
rather how about everyone start tweeting issue official statement regarding vyapam scam,neutral
lets follow instead,neutral
there also subreddit for this uturn,neutral
but what their babip can they help desmond hit the ball what type prospects are coming out india and how will they effected hinduism,neutral
when will india replace cricket with baseball,neutral
but can they put the ball play,neutral
this boss telling get back work,neutral
aaron barrett performance tonight related this must have had cheeseburger for dinner,neutral
the only participation india will ever have baseball this page cherish while lasts,neutral
rather looks like every body qualified all these people are criticising and dragging modi every issue arent they like the bbc which shows india poverty every time launch satellite,neutral
what does expect not criticize the critics nobody qualified criticize shruti neha teesta and amratya,neutral
can talk anything anywhere,neutral
you mentioned some alarmist articles written during our independence mind linking some them,neutral
lets take moment thank sheshan for bringing about election reforms that ended booth capturing,neutral
there online version the article that you can post url,neutral
remember reading years ago that changes like this could attributed the same phenomenon that fueling the growth christianity india well namely way get out the caste system wonder such statement that seen critical the caste system simply not talked about the indian media,neutral
one the gems remember from this group chat transcripts was that they believe that women are getting out hand nowadays and that they shouldn allowed vote,neutral
cmo casualty medical officer this post doesn make any sense,neutral
what joke our judicial system that modi gets away after mass killing what joke our democracy that ends being the prime minister,neutral
can someone post this post please,neutral
arrrrey what are you insinuating she was just discussing his debelobment plans for gujrat,neutral
thank you for this,neutral
only one issue ahmadiya movement started around 200 years after aurangazeb,neutral
purest vetti solid stuff,neutral
huh wasn expecting see name the list,neutral
think about moving dwarika,neutral
gurgaon how not build city,neutral
please analyse the gilded posts,neutral
why not scipy instead matlab would have been easier since you used python get the data,neutral
don agree you have house gated community with power back and office multi story building with suv and driver drive you around and membership dlf golf club palms club then you don have these problems paisa bolta hai,neutral
picture toi post the morning wednesday ftw,neutral
thought logged reddit why feel like opindia,neutral
counter them with aap trolls,neutral
according his affidavit modi has done his from delhi university distance education programme can was similar rti filed with delhi university,neutral
bjp rss insult all the hindus the country,neutral
watch out for the snek modi,neutral
modi sir try put snek snek baaad man,neutral
qualcuno sta giocando the phantom pain questo periodo che pensate,neutral
your only source website what about protest photos videos any news articles,neutral
the man seems have superpower for detecting cameras,neutral
like how mark was adjusting himself afterwards,neutral
remember when kept addressing the president barack did not get the hint even after obama continued address him prime minister after that day nothing like this surprises anymore,neutral
zuckerberg was like abe yaar internet zero liye aur kitne dhakke khaane padenge,neutral
has yet adjust the motion picture era when not just the ends final positioning but the means yanking zuckerberg the side can captured,neutral
has this post been removed why can not see the subreddit,neutral
here something from the media,neutral
rip you will missed,neutral
modi needs smarten internet org could his waterloo needs stand for for net neutrality,neutral
how you know zuckerberg follow question about modi mom wasn impromptu,neutral
" going slap and try this next
time the beach wish luck ",neutral
neighbor doesn look like that,neutral
dosen have his disciples that for him anything wishes anything,neutral
anyone know the name the tracks tried shazam and soundhound and nothing,neutral
minutes silence for the people who thought was not,neutral
she literally the girl next door,neutral
can just have neighbor like that,neutral
doodh jala chaach phoonk phoonk peeta hai,neutral
say malayalam maunam sammatham silence acceptance,neutral
rookie driver did nurburgring,neutral
whoah whoah whoah whoah are you telling the photographer not the camera nah don believe that for second,neutral
the fact that you cant manually focus iphone kills though,neutral
lot who voted for modi will voting for nota next time,neutral
hide your lunch box modi army coming,neutral
wonder this guy just karnataka politician and modi all the way there,neutral
ofcourse they didn asked counterpart work they thought was talking about project manager not prime minister,neutral
until they have video proof wont believe media,neutral
now waiting for muslim chutiya leader offer guns muslims that they could get even,neutral
sharpen your pitchforks guys shit getting real,neutral
and bjp supporters are wondering why people call them communal,neutral
but bjp leadership has nothing with just can blame leaders for what the followers,neutral
stop this statistics nonsense just look the news channels and decide for yourself india has become communal not,neutral
someone please correlate this the number anti communal tweets,neutral
stopped reading when the article said that written rupa subramanya,neutral
congressis pls ask him about 2002 gujarat incident this hitler has not said anything,neutral
namo bhagavate vasudevaya meanwhile pandits imprisoned for using without permission,neutral
chnage the name feku problem solved,neutral
why close just rename feku restaurant,neutral
waiting for shourie trend twitter,neutral
arun shourie not believe any number put out any government cms,neutral
because modi and his ministers are openly endorsing these communal thugs,neutral
because there the assumption that the centre silently supports their actions and there doesnt seem contrary evidence yes communal riots were occurring before bjp but they didnt have the perception the centre backing them,neutral
hitchhikers guide media answer everything modi,neutral
err intolerance when you cannot tolerate something like when you say had with this rant caused rise intolerance hence proved,neutral
the person who adorned this throne before you was also convinced was the eternal god and look where today who talking about,neutral
hell hath fury like shourie scorned two birthday boys srk and shourie living,neutral
the bhaktas who use vilest abuses twitter are met seen with prime minister they feel emboldened arun shourie that was music ears nri junta wake now stop sucking off modi,neutral
joke read twitter modi fans deeply conflicted over whether send arun shourie the cabinet pakistan,neutral
arun shourie please please beg you please daddy,neutral
never heard wikileaks4india before,neutral
remember how that fake story did rounds that assange had said modi incorruptible nolan reference wikileaks had put statement then too,neutral
what did they share,neutral
please tell this asshole arrested and being prosecuted,neutral
and just yesterday someone was comparing the rss with isis,neutral
should applaud him for vocalizing what bjp thinks,neutral
dare comes chennai and says that amma will arrested before completes that sentence,neutral
can arrested for making death threat that too public,neutral
let them sort out steel cage match,neutral
come guys just local leader has his freedom expression doesn represent bjp,neutral
will behead siddaramaiah eats beef shivamogga says??bjp leader shivamogga nov local bjp leader has dared chief minister siddaramaiah eat beef gopi circle here but gave ominous warning did would beheaded let him eat beef gopi circle shivamogga does will beheaded channabasappa former president the erstwhile shivamogga city municipal council said monday protest organised the bjp against the chief ministers remark beef making such statement the congress leader has hurt the sentiments hindus shankar spokesperson for the bjps shivamogga district unit said siddaramaiah was talking like the owner meat shop bot can reply with delete remove message creator did just break see how you can help visit the source and check out the readme,neutral
these guys were already warned they still keep screwing,neutral
this bound happen and complain uncalled for after seeing ruling party shamelessly communal advertisements bihar when government talks about cows pakistan etc what the problem others are also doing deal with thus coming conclusion that modi encouraging hardliners these things still have doubts about,neutral
whether agree with them not can discuss our issues because your ego,neutral
please publish the twitter accounts the global news people that modi toadies can educate them about how tolerant the hindu mob,neutral
yeah lets change the mirror,neutral
arun jaitley can dictate terms the western media like can the indian media,neutral
like anybody cares about these news outlets,neutral
breaking news crackers being burst pakistan bjp workers calling amit shah commit suicide pail water,neutral
thank you bihar you sacrificed yourself for the rest the country,neutral
looks like others are going biggest winners bihar expect crores exchanged from under the table,neutral
whats going different channels showing different leads esp times now and ndtv,neutral
nda still leading nda mgb looks like nitish the biggest looser laalu holding his seats,neutral
what its hung assembly will poaching mlas begin,neutral
just woke and saw the result faith democracy restored,neutral
looks like kejriwal repeated appeals did not work migrant biharis have voted for nda,neutral
pakistan celebrating burning fire crackers yet,neutral
guess what mgb catches barkha back,neutral
from twitter modi dream has started showing results bihar cleanses itself bjp,neutral
shatrughna sinha bihari banaam bahari mudda nipat gaya ndtv ravish kumar alag majaa rahe hain,neutral
jab tak rahega samose aloo tab tak rahega bihar mein laloo,neutral
discussion shifted where the data coming from feeling like bug resolving call,neutral
indians can fanatical about the political parties they support that why try never discuss politics with anyone except close friends people who don matter,neutral
does fall under intolerance,neutral
mamata will become sane don ask how,neutral
finally get see daughter,neutral
wont getting laid,neutral
there will riots china will clash with its neighbours including india isis will finished syria,neutral
will finally bend and take step back internet org,neutral
modi will still the prime minister india,neutral
randia will still shitfest next year,neutral
anveshj would reply atleast one comments,neutral
there will another mark words thread comparing results this thread,neutral
dhoni will retire from all forms cricket,neutral
aadhar card will made compulsory for least few more govt related activities,neutral
the called modi wave will die,neutral
india will have 75k subscribers next year,neutral
there will massive stand off armies between india and pakistan big terrorist attack india data pack prices will further increases cricket series between india and pakistan,neutral
will dream job remindme year,neutral
stoke neck the woods paul nuttall mep god help,neutral
someone practicing his speech for the 6th form debating contest,neutral
that bloke looks like eats rats and moles,neutral
pulling punches with cameron,neutral
the majority our laws are made brussels lady,neutral
still gets when they don have lib dem these days,neutral
isnt this like treason something then again this times now update gonna wait for confirmation from proper news article something since these ppl have habit fking the actual quote make clickbaity titles,neutral
the atypical send this guy pakistan guy literally went pakistan for help,neutral
believe this the definition anti national congress just lost all credibility against being called traitors,neutral
this one guy support being deported pakistan,neutral
speaking against modi now embarrassing india what joke,neutral
why this said that open interview,neutral
deport madarchod mani shankar pakistan,neutral
still pakistan someone from mea belt this guy and revoke his indian passport while still there,neutral
irrespective what was said not said wasn congress power for years why wasn peace with pakistan not priority then and what are the circumstances that making modi inhibitor for peace what changed also asking hostile nation move democratic leaders and install congress sedation,neutral
the entire police department needs rally against their political masters the public will support them this just nonsense the police are not the politicians war dogs,neutral
modi gets travel lot the job would kill have job like that,neutral
india just needs send one gurkha settle everything,neutral
agree with you,neutral
why can have freedom lifestyle edit downvotes huh well somebody salty over freedom,neutral
who will you support now,neutral
mps voted aye thats something,neutral
say again all nope doesn have the same ring,neutral
want give rajnath singh try the for some reason have this hunch that rajnath singh will the guy that namo was supposed when was fully hyped,neutral
were you trying post link and text post once you can that reddit what you put the link gone can you edit the link into the text post,neutral
what happened sachin pilot and jyotiraditya scindia vote for any one them,neutral
you realise are parliamentary democracy this focus who the should misleading,neutral
man look all that ice,neutral
which the northern side,neutral
looks like snowed australia,neutral
want know whats under all that ice,neutral
looks like mann planet,neutral
acche din for flowers wonder what the victims godhra has been names him fools wish cancer for this tyrannical inbred motherfucker narendra modi,neutral
just want thank the modi bhakts here for not assaulting kejriwal this time please don kill him thank you,neutral
tipa che vanta essere pi?? matura per questo tratta una merda commenti degradanti sulle cose che pensi fottiti,neutral
italy odio profondamente voglio essere bannato vita questo sub merda,neutral
persone che fanno bimbomikia dopo anni vestono tali quelli che mentre parlano usano parole come zio bella scialla ecc bene usarle quando sei pischello poi basta ora prendere mano bel libro coloro che leggono solo gazzetta credono sia bibbia gli amanti del calcio che bestemmiano litigano per uno sport dove non possono esercitare alcuna influenza fossi mister quelli che fanno foto piatti ristorante alle bottiglie discoteca che tanto morto fame che mangia pane cipolla tutta settimana per tirarsela con suoi post del weekend guidatore che incazza quando gli fai notare con clacson che non deve venirti addosso quando stop oppure non puo stare 90km sulla terza corsia persone che lamentano del governo ladro intanto non votano votano continuamente chi gli sta fottendo chi anni continua andare ibiza destinazioni del cazzo dove spende capitale per stare una settimana discoteca nell alcolemia pura puoi fare per molto meno riccione,neutral
patriotism the last refuge scoundrel samuel johnson,neutral
shame the students jnu for saying what they said shame the bjp government for doing what they did shame the people for not realizing the fact that the government putting show,neutral
think the chance spring turning summer india are now increasing,neutral
where are headed nation,neutral
kashmir was never integral part india arundhati ece,neutral
vote confidence should passed parliament might not get passed but should shake the government into actually doing its work instead this clusterfuck,neutral
check the video kanhaiya kumar shouting for azadi its doctored,neutral
hope does not spread delhi,neutral
setting the goddamn railway station fire does qualify attack against the nation sedition,neutral
cannot resolve problem using violence need reach solution through talks rajnath singh jat quota stir let see will talk rioters but will thrash and imprison protesting students,neutral
well done spin doctors deceiving the people,neutral
how does community that has the audacity and power set railway station fire deserve reservation,neutral
why police not shooting the rioters,neutral
please stop these threads,neutral
solution give reservation billion people none them reservation ruining this country,neutral
wonder when they will start demanding reservation private business well,neutral
all said and done would pick over anytime,neutral
you are judging country going through over week news articles enough said,neutral
the problem everyone has online opinion now facebook stuffed with people providing opinion jnu iit pampore wonder what was like with facebook twitter,neutral
what your parents think about punjabis especially sikhs,neutral
have wear that thread and pull over ear while taking dump easier just wear the damn thread than argue with mom why shouldn what thread saar,neutral
possible have satpathy ask question the question hour finance minister about how the government plans deal with these npas and where that money will come out,neutral
god that was thorough,neutral
thread and meat kaun jat bhai,neutral
not touch food with your left hand left handed,neutral
they say because they care for,neutral
